12A-6MD,outward
12A-A,upward,outward
12A-A2M,outward
12A-U,downward
1CC-DC,upward
1MA-A,upward,downward,outward
1MA-A2M,upward
1MA-C,downward,upward
1MA-G,outward,upward
1MA-OMG,outward
1MG-7MG,outward
1MG-A,outward,upward
1MG-C,outward,downward,upward
1MG-G,downward,upward,inward
1MG-PSU,upward
1MG-U,downward,outward,inward
1SC-C,downward
1SC-G,outward
1SC-U,upward
23G-A,downward,upward
23G-C,outward
23G-G,downward
29G-A,downward,upward
29G-U,inward
29H-A,downward,upward
29H-U,inward
2AU-C,downward
2AU-G,inward
2BA-A,outward,upward
2BA-C,downward
2BA-G,outward
2BA-U,outward
2BP-A,downward,upward
2BP-U,outward
2IA-G,downward
2KH-G,downward
2MA-A,downward,upward
2MA-C,downward,upward,outward
2MA-G,upward,downward,outward
2MA-PSU,upward
2MA-U,downward
2MG-5MC,upward
2MG-A,downward,upward,outward
2MG-C,upward,outward
2MG-G,downward,upward,outward
2MG-M2G,outward
2MG-U,outward
2MU-C,downward
2MU-G,downward
2MU-PSU,upward
2QB-A,outward
2QB-G,inward
2SG-A,upward
2SG-A2M,downward
2SG-C,downward,upward
2TM-A,downward
31H-C,downward
31M-C,downward
3AT-DC,downward
3AY-A,upward
3AY-U,outward
3DA-A,downward
3DA-C,downward
3DA-G,inward
3DA-I,inward
3TD-A,upward,outward
3TD-C,inward,downward,outward,upward
45A-G,upward
45A-OMG,downward
4AC-C,downward
4AC-G,upward,outward
4BW-A,upward
4BW-C,downward
4BW-G,downward,outward
4DU-DC,upward
4M2-A,downward
4OC-A,downward
4OC-C,upward
4OC-G,downward,upward
4OC-U,upward
4SU-A,upward,inward
4SU-C,inward,downward
4SU-G,outward,inward,downward,upward
5AA-C,downward
5AA-DC,downward
5BU-5BU,downward,upward
5BU-A,downward,upward
5BU-C,upward,downward
5BU-G,outward,upward,downward,inward
5BU-U,downward,upward
5CF-G,downward,upward
5CG-A,outward,upward
5CG-G,downward
5CM-DT,downward,upward
5FU-C,downward
5GP-5GP,inward,downward,upward
5GP-A,downward,outward,inward,upward
5GP-C,inward
5GP-G,inward,upward,downward,outward
5GP-LCA,outward
5GP-LCC,outward
5GP-TLN,outward
5GP-U,outward
5GS-U,downward
5HM-U,downward
5IC-C,upward
5IC-G,downward
5IU-DG,downward,upward
5MC-2MG,downward
5MC-A,inward,outward,upward,downward
5MC-C,downward,outward,upward
5MC-C4J,downward
5MC-G,upward,downward,inward,outward
5MC-M2G,downward,outward
5MC-PSU,downward,outward
5MC-U,downward,upward,inward
5MU-A,inward,upward,outward,downward
5MU-C,downward,inward,outward
5MU-G,downward,inward
5MU-PSU,upward,inward,downward,outward
5MU-U,inward,upward
6AP-A,upward,downward
6AP-C,outward
6AP-U,inward,outward
6F7-A,downward
6FC-C,downward
6FC-G,upward
6FU-A,outward
6FU-C,upward
6FU-G,outward
6GO-A,downward
6GO-U,inward,outward
6GS-U,downward
6GU-A,upward
6GU-C,outward
6GU-G,downward
6GU-U,outward,inward
6HA-6HA,downward,upward
6HA-6HT,upward,downward
6HA-A,outward
6HA-U,outward
6HC-6HG,downward
6HC-G,outward
6HG-6HC,upward
6HG-6HT,upward
6HG-A,outward
6HG-G,outward
6HT-6HA,downward,upward
6HT-6HG,downward
6IA-A,downward,upward
6MA-DC,upward
6MA-DG,downward
6MA-DT,downward,upward
6MD-12A,outward
6MZ-6MZ,outward
6MZ-A,upward,outward,downward
6MZ-C,upward,downward
6MZ-G,downward,outward,upward
6MZ-U,upward
73W-A,upward
73W-G,outward
75B-C,upward
75B-G,downward
7AT-C,upward
7AT-G,downward
7DG-A,upward
7DG-C,outward
7DG-G,outward,upward
7MG-1MG,outward
7MG-A,inward,outward,upward,downward
7MG-A2M,upward
7MG-C,upward,downward,outward
7MG-G,downward,outward,upward,inward
7MG-U,upward,inward,downward
8AN-A,upward
8AN-C,downward
8AN-G,downward
8B4-A,outward
8B4-U,downward
8OG-DA,inward,downward
8OG-DG,outward,upward
A-12A,downward,outward
A-1MA,downward,outward,upward
A-1MG,outward,downward
A-23G,upward,downward
A-29G,downward,upward
A-29H,downward,upward
A-2BA,outward,downward
A-2BP,downward,upward
A-2MA,upward,downward
A-2MG,upward,downward,outward
A-2QB,outward
A-2SG,downward
A-2TM,upward
A-3AY,downward
A-3DA,upward
A-3TD,downward,outward
A-4BW,downward
A-4M2,upward
A-4OC,upward
A-4SU,downward,inward
A-5BU,upward,downward
A-5CG,downward,outward
A-5GP,upward,outward,inward,downward
A-5MC,inward,outward,downward,upward
A-5MU,inward,downward,outward,upward
A-6AP,downward,upward
A-6F7,upward
A-6FU,outward
A-6GO,upward
A-6GU,downward
A-6HA,outward
A-6HG,outward
A-6IA,downward,upward
A-6MZ,downward,outward,upward
A-73W,downward
A-7DG,downward
A-7MG,inward,outward,downward,upward
A-8AN,downward
A-8B4,outward
A-A,downward,upward,outward,inward
A-A23,upward,downward,outward,inward
A-A2F,downward
A-A2M,upward,outward,downward,inward
A-A5M,upward
A-A6A,outward
A-A6G,outward
A-ADE,upward,downward
A-ADP,outward
A-AET,downward,outward
A-AF2,downward
A-AG9,downward
A-APC,upward
A-ATP,outward,upward,downward
A-B8H,downward
A-B8K,inward
A-B8Q,downward
A-B8T,outward,downward
A-B8W,downward,upward,outward
A-BGM,downward
A-C,upward,downward,outward,inward
A-C2E,inward,downward,outward,upward
A-CBR,upward,downward
A-CBV,downward,upward
A-CCC,inward
A-CFZ,upward,outward
A-CH1,outward
A-CTP,upward
A-DA,outward,inward,upward,downward
A-DC,upward,outward,inward,downward
A-DG,outward,downward,inward,upward
A-DT,outward,downward
A-DX4,downward,upward
A-E3C,outward,downward
A-E6G,upward
A-G,upward,outward,downward,inward
A-G2P,upward
A-G4P,outward
A-G5J,outward
A-G7M,downward,inward,outward
A-GCP,outward
A-GDP,outward,downward,upward
A-GH3,outward
A-GMP,upward
A-GNG,upward
A-GPN,outward
A-GTP,outward,downward,upward
A-H2U,upward,outward,inward
A-HPA,upward,outward,inward,downward
A-I,upward
A-LCG,downward,outward
A-M2G,downward
A-M5M,upward
A-MA6,upward
A-MHG,upward
A-MIA,downward,upward,outward
A-MTU,downward,inward,upward
A-N6G,inward,downward,upward
A-N6M,upward
A-NF2,downward
A-O2C,upward
A-OMC,upward,downward,outward,inward
A-OMG,upward,outward,downward,inward
A-OMU,upward,downward,outward,inward
A-P5P,downward
A-P7G,upward
A-PGP,upward
A-PRF,downward,upward
A-PSU,upward,downward,inward,outward
A-PYO,upward
A-QUO,outward
A-RSQ,upward,downward
A-RUS,downward,upward
A-SAH,downward,inward
A-SAM,outward
A-SDG,outward
A-SUR,upward
A-T6A,downward,outward
A-U,upward,downward,outward,inward
A-U4M,upward
A-U5M,upward
A-U5R,upward
A-U8U,outward
A-UFB,upward
A-UFT,upward,downward,inward,outward
A-UMO,upward
A-UMS,outward
A-UOA,upward
A-UOB,upward
A-UR3,downward
A-URU,upward
A-UTP,outward
A-XAN,downward
A-XAR,outward
A-XUG,downward,upward
A-YYG,downward,upward
A23-A,downward,outward,upward,inward
A23-C,downward
A23-G,downward,inward
A23-U,outward
A2F-A,upward
A2F-U,inward,outward
A2M-12A,outward
A2M-1MA,downward
A2M-2SG,upward
A2M-7MG,downward
A2M-A,downward,outward,upward,inward
A2M-ADS,upward
A2M-C,downward,upward,inward
A2M-G,upward,downward,outward,inward
A2M-I,inward
A2M-OMC,downward
A2M-OMG,upward,downward
A2M-P7G,outward
A2M-U,upward,downward,inward
A5M-A,downward
A5M-U,upward
A6A-A,outward
A6A-A6A,downward,upward
A6A-A6U,upward,downward
A6C-A6C,downward,upward
A6C-A6G,downward
A6C-G,outward
A6G-A,outward
A6G-A6C,upward
A6G-A6U,upward
A6G-G,outward
A6U-A6A,downward,upward
A6U-A6G,downward
A7C-C,upward
A7C-G,downward
A7E-C,upward
A7E-G,downward
ADE-A,downward,upward
ADE-C,outward
ADE-U,inward
ADP-A,outward
ADP-G,downward
ADP-U,downward
ADS-A2M,downward
ADS-U,upward
AET-A,outward,upward
AET-U,downward
AF2-A,upward
AF2-G,downward
AG9-A,upward
AG9-C,outward
APC-A,downward
APC-APC,downward,upward
APC-C,downward
APC-DA,outward
APC-G,downward
APC-U,downward
APN-CPN,downward
APN-G,outward
APN-GPN,upward
AT7-G,downward,upward
ATP-A,downward,outward,upward
ATP-C,downward,upward,outward
ATP-G,downward,outward
ATP-U,upward,downward
AVC-C,downward
AVC-G,inward
B8H-A,upward
B8H-C,downward
B8H-G,upward
B8H-U,upward,downward
B8K-A,inward
B8K-C,downward
B8K-U,inward,downward,outward
B8N-C,upward
B8Q-A,upward
B8Q-C,downward
B8Q-G,downward,outward,upward
B8T-A,outward,upward
B8T-U,downward
B8W-A,downward,upward,outward
B8W-C,outward,upward
B8W-G,downward
B8W-U,outward,upward
B8W-UR3,upward
B9B-C,outward
B9B-G,downward,inward,upward
B9H-C,downward
B9H-G,inward
BGH-G,downward,upward
BGH-U,outward
BGM-A,upward
BGM-BGM,outward
BGM-G,outward
BGM-U,upward
BRU-C,downward
BRU-DA,downward,upward
BRU-DC,downward,upward
BRU-DG,upward,downward
BRU-DT,upward
BRU-G,outward,upward
C-1MA,upward,downward
C-1MG,outward,downward,upward
C-1SC,upward
C-23G,outward
C-2AU,upward
C-2BA,upward
C-2MA,downward,upward,outward
C-2MG,downward,outward
C-2MU,upward
C-2SG,downward,upward
C-31H,upward
C-31M,upward
C-3DA,upward
C-3TD,inward,upward,outward,downward
C-4AC,upward
C-4BW,upward
C-4OC,downward
C-4SU,inward,upward
C-5AA,upward
C-5BU,downward,upward
C-5FU,upward
C-5GP,inward
C-5IC,downward
C-5MC,upward,outward,downward
C-5MU,upward,inward,outward
C-6AP,outward
C-6FC,upward
C-6FU,downward
C-6GU,outward
C-6MZ,downward,upward
C-75B,downward
C-7AT,downward
C-7DG,outward
C-7MG,downward,outward,upward
C-8AN,upward
C-A,downward,upward,outward,inward
C-A23,upward
C-A2M,upward,downward,inward
C-A7C,downward
C-A7E,downward
C-ADE,outward
C-AG9,outward
C-APC,upward
C-ATP,upward,downward,outward
C-AVC,upward
C-B8H,upward
C-B8K,upward
C-B8N,downward
C-B8Q,upward
C-B8W,downward,outward
C-B9B,outward
C-B9H,upward
C-BRU,upward
C-C,downward,upward,inward,outward
C-C2E,outward,upward
C-C4J,downward
C-CBR,downward,upward
C-CBV,downward,upward
C-CCC,upward
C-CFZ,downward,upward
C-CH1,upward
C-CSL,downward,upward
C-CTP,upward
C-DA,upward,outward,inward
C-DC,upward
C-DG,outward,downward,upward
C-DOC,upward
C-DT,downward,outward,upward
C-DU,upward
C-E3C,downward
C-E6G,outward
C-E7G,outward
C-F3N,upward
C-F3O,upward
C-G,outward,downward,upward,inward
C-G2P,upward
C-G46,downward,outward
C-G7M,downward,outward,upward
C-GDO,outward
C-GDP,downward,upward
C-GH3,upward,outward
C-GMP,inward
C-GNG,inward
C-GRB,inward
C-GTP,downward,outward
C-H2U,upward,downward
C-HPA,inward
C-I,downward,upward,outward
C-I4U,upward
C-KGV,upward
C-LCG,downward,outward,upward
C-M2G,upward,downward
C-M3O,upward
C-M7A,downward
C-MIA,outward,upward
C-NF2,upward
C-OMC,downward,upward,inward,outward
C-OMG,downward,outward,upward,inward
C-OMU,upward,downward,inward
C-P5P,outward
C-PPU,upward
C-PQ0,outward
C-PRF,outward
C-PSU,downward,upward,inward,outward
C-QUO,outward
C-S4C,downward,upward
C-SAH,outward
C-SAM,outward,downward
C-SFG,outward
C-SUR,downward,upward
C-U,upward,downward,inward,outward
C-U3H,upward
C-U8U,upward
C-UCL,upward
C-UDP,upward
C-UMS,downward,upward
C-UR3,downward,upward
C-URU,upward
C-US5,downward
C-UZR,downward
C2E-A,inward,upward,outward,downward
C2E-C,outward,downward
C2E-G,downward,outward
C4J-5MC,upward
C4J-C,upward
CBR-A,downward,upward
CBR-C,upward,downward
CBR-DT,upward,downward
CBR-G,upward,downward,outward
CBR-T2T,downward
CBR-U,downward
CBV-A,upward,downward
CBV-C,upward,downward
CBV-CBV,downward,upward
CBV-G,downward,outward,upward
CBV-U,downward
CCC-A,inward
CCC-C,downward
CCC-G,outward,downward
CCC-U,downward
CDP-G,downward
CDP-U,downward
CFL-CFL,downward,upward
CFL-G,downward,outward,inward
CFL-UFT,upward,downward,outward
CFZ-A,downward,outward
CFZ-C,upward,downward
CFZ-CFZ,downward,outward,upward
CFZ-G,upward,downward,inward,outward
CFZ-GF2,outward
CFZ-U,downward
CFZ-UFT,downward,upward
CH1-A,outward
CH1-C,downward
CH1-G,downward,outward
CH1-GH3,downward
CPN-APN,upward
CPN-GPN,downward
CPN-TPN,upward
CSG-G,downward
CSL-C,upward,downward
CSL-G,downward,outward
CTP-A,downward
CTP-C,downward
CTP-G,downward
CTP-U,downward
DA-8OG,inward,upward
DA-A,outward,inward,downward,upward
DA-APC,outward
DA-BRU,downward,upward
DA-C,downward,outward,inward
DA-DA,downward,upward,outward,inward
DA-DC,downward,upward,outward,inward
DA-DG,upward,downward,outward,inward
DA-DT,upward,downward,outward,inward
DA-G,outward,inward
DA-I,inward
DA-T5S,upward
DA-U,outward,inward
DA-US3,upward
DC-1CC,downward
DC-3AT,upward
DC-4DU,downward
DC-5AA,upward
DC-6MA,downward
DC-A,downward,outward,inward,upward
DC-BRU,upward,downward
DC-C,downward
DC-DA,upward,downward,outward,inward
DC-DC,downward,upward,outward,inward
DC-DG,downward,upward,outward,inward
DC-DOC,upward
DC-DT,downward,upward,outward,inward
DC-G,outward,upward,downward,inward
DC-GTP,outward
DC-NTT,downward
DC-OMU,downward
DC-PGN,upward
DC-PPU,upward
DC-SDG,upward
DC-SSU,upward
DC-T5S,downward
DC-U,downward,outward
DC-US3,downward
DG-5IU,downward,upward
DG-6MA,upward
DG-8OG,downward,outward
DG-A,outward,upward,inward,downward
DG-BRU,downward,upward
DG-C,outward,upward,downward
DG-DA,downward,upward,outward,inward
DG-DC,upward,downward,outward,inward
DG-DG,downward,upward,outward,inward
DG-DT,upward,downward,outward,inward
DG-DU,outward
DG-G,outward,downward,inward,upward
DG-G2P,outward
DG-G46,upward
DG-GTP,outward
DG-LCC,outward
DG-T5S,upward
DG-U,outward
DG-US3,downward,upward
DOC-C,downward
DOC-DC,downward
DT-5CM,downward,upward
DT-6MA,downward,upward
DT-A,outward,upward
DT-BRU,downward
DT-C,downward,outward,upward
DT-CBR,downward,upward
DT-DA,downward,upward,outward,inward
DT-DC,upward,downward,outward,inward
DT-DG,downward,upward,outward,inward
DT-DT,downward,upward,outward,inward
DT-G,outward,inward
DT-NTT,upward
DT-OMU,upward
DT-SDG,downward,upward
DT-U,upward
DU-C,downward
DU-DG,outward
DU-U,upward
DX4-A,downward,upward
DX4-U,inward,outward
E3C-A,outward,upward
E3C-C,upward
E6G-A,downward
E6G-C,outward
E6G-G,upward,downward
E7G-C,outward
E7G-G,downward,outward,upward
E7G-U,downward,upward
EEM-G,outward
EEM-U,inward
F3N-C,downward
F3O-C,downward
F3O-U,inward
G-1MA,outward,downward
G-1MG,upward,downward,inward
G-1SC,outward
G-23G,upward
G-2AU,inward
G-2BA,outward
G-2IA,upward
G-2KH,upward
G-2MA,downward,outward,upward
G-2MG,upward,downward,outward
G-2MU,upward
G-2QB,inward
G-3DA,inward
G-45A,downward
G-4AC,downward,outward
G-4BW,upward,outward
G-4OC,upward,downward
G-4SU,outward,inward,upward,downward
G-5BU,downward,outward,upward,inward
G-5CF,upward,downward
G-5CG,upward
G-5GP,inward,downward,outward,upward
G-5IC,upward
G-5MC,downward,upward,inward,outward
G-5MU,upward,inward
G-6FC,downward
G-6FU,outward
G-6GU,upward
G-6HC,outward
G-6HG,outward
G-6MZ,upward,downward,outward
G-73W,outward
G-75B,upward
G-7AT,upward
G-7DG,downward,outward
G-7MG,upward,outward,downward,inward
G-8AN,upward
G-A,downward,outward,upward,inward
G-A23,upward,inward
G-A2M,downward,upward,outward,inward
G-A6C,outward
G-A6G,outward
G-A7C,upward
G-A7E,upward
G-ADP,upward
G-AF2,upward
G-APC,upward
G-APN,outward
G-AT7,downward,upward
G-ATP,outward,upward
G-AVC,inward
G-B8H,downward
G-B8Q,downward,outward,upward
G-B8W,upward
G-B9B,upward,inward,downward
G-B9H,inward
G-BGH,downward,upward
G-BGM,outward
G-BRU,outward,downward
G-C,outward,upward,downward,inward
G-C2E,upward,outward
G-CBR,downward,upward,outward
G-CBV,upward,outward,downward
G-CCC,outward,upward
G-CDP,upward
G-CFL,upward,outward,inward
G-CFZ,downward,upward,inward,outward
G-CH1,outward,upward
G-CSG,upward
G-CSL,upward,outward
G-CTP,upward
G-DA,outward,inward
G-DC,outward,downward,upward,inward
G-DG,outward,upward,inward,downward
G-DT,outward,inward
G-E6G,downward,upward
G-E7G,downward,outward,upward
G-EEM,outward
G-G,downward,upward,outward,inward
G-G2P,upward
G-G4P,inward,outward
G-G5J,downward
G-G7M,upward,outward
G-GDO,upward
G-GDP,downward,outward
G-GF2,downward,upward
G-GH3,outward
G-GMP,downward,outward
G-GNG,downward
G-GRB,downward,outward
G-GTP,downward,outward,upward
G-GUN,upward,inward
G-H2U,upward,inward,outward
G-HPA,inward,downward,upward
G-I,upward,downward,outward
G-I4U,upward
G-LCC,outward,upward,downward
G-LCG,outward
G-M2G,upward
G-M7A,outward,upward
G-MA6,upward,inward,downward
G-MTU,upward,downward
G-N5C,upward
G-N5M,upward
G-N6G,upward
G-NCU,upward
G-NTT,outward
G-OMC,upward,outward,downward,inward
G-OMG,downward,outward,upward,inward
G-OMU,downward,upward,outward,inward
G-P4U,upward,downward
G-P5P,upward
G-P7G,downward
G-PGN,outward
G-PQ0,inward,upward
G-PRF,inward,upward,outward
G-PSU,upward,downward,outward,inward
G-PYY,downward
G-RIA,downward,upward
G-RSP,upward
G-RSQ,downward
G-S4C,outward
G-SAH,outward
G-SAM,downward,outward
G-SDG,outward
G-SSU,downward
G-SUR,outward
G-T6A,outward
G-TPN,outward
G-U,upward,outward,downward,inward
G-U33,outward
G-UDP,upward
G-UFT,outward,inward,downward,upward
G-UMS,downward,outward
G-UR3,upward,inward,outward
G-URU,outward
G-US5,upward
G-UZR,outward
G-XGR,outward
G-Y5P,downward,outward
G2P-A,downward
G2P-C,downward
G2P-DG,outward
G2P-G,downward
G46-C,outward,upward
G46-DG,downward
G4P-A,outward
G4P-G,inward,outward
G5J-A,outward
G5J-G,upward
G7M-A,upward,inward,outward
G7M-C,upward,outward,downward
G7M-G,downward,outward
G7M-U,upward
GCP-A,outward
GDO-C,outward
GDO-G,downward
GDP-A,outward,upward,downward
GDP-C,downward,upward
GDP-G,upward,outward
GDP-U,downward
GF2-CFZ,outward
GF2-G,upward,downward
GF2-GF2,outward
GH3-A,outward
GH3-C,downward,outward
GH3-CH1,upward
GH3-G,outward
GH3-GH3,downward,upward
GMP-A,downward
GMP-C,inward
GMP-G,upward,outward
GMP-U,outward
GNG-A,downward
GNG-C,inward
GNG-G,upward
GNG-U,outward
GNP-GTP,upward
GPN-A,outward
GPN-APN,downward
GPN-CPN,upward
GPN-TPN,downward
GPN-U,outward
GRB-C,inward
GRB-G,upward,outward
GTP-A,outward,upward,downward
GTP-C,upward,outward
GTP-DC,outward
GTP-DG,outward
GTP-G,upward,outward,downward
GTP-GNP,downward
GTP-GTP,downward,upward,outward
GTP-U,downward,upward,outward
GUN-G,downward,inward
GUN-U,inward,outward
H2U-A,downward,outward,inward
H2U-C,downward,upward
H2U-G,downward,inward,outward
H2U-H2U,inward
H2U-U,upward
HPA-A,downward,outward,inward,upward
HPA-C,inward
HPA-G,inward,downward,upward
HPA-U,inward
I-3DA,inward
I-A,downward
I-A2M,inward
I-C,upward,downward,outward
I-DA,inward
I-G,downward,upward,outward
I-U,upward
I4U-C,downward
I4U-G,downward
KGV-C,downward
LCA-5GP,outward
LCA-LCG,upward
LCC-5GP,outward
LCC-DG,outward
LCC-G,outward,downward,upward
LCC-LCC,downward,upward,outward
LCC-LCG,upward
LCC-TLN,upward
LCG-A,upward,outward
LCG-C,upward,downward,outward
LCG-G,outward
LCG-LCA,downward
LCG-LCC,downward
LCG-TLN,downward
LCG-U,outward,upward,downward
M1Y-U,downward
M2G-2MG,outward
M2G-5MC,upward,outward
M2G-A,upward
M2G-C,downward,upward
M2G-G,downward
M2G-PSU,upward
M3O-C,downward
M5M-A,downward
M7A-C,upward
M7A-G,outward,downward
M7A-U,downward
MA6-A,downward
MA6-G,downward,inward,upward
MA6-MA6,downward,upward,outward
MHG-A,downward
MHG-U,upward
MIA-A,upward,downward,outward
MIA-C,downward,outward
MIA-U,outward
MTU-A,upward,inward,downward
MTU-G,downward,upward
N5C-G,downward
N5M-G,downward
N6G-A,inward,downward,upward
N6G-G,downward
N6M-A,downward
N6M-U,inward
NCU-G,downward
NCU-NCU,outward
NCU-NTT,downward,upward
NF2-A,upward
NF2-C,downward
NTT-DC,upward
NTT-DT,downward
NTT-G,outward
NTT-NCU,downward,upward
O2C-A,downward
OMC-A,downward,outward,upward,inward
OMC-A2M,upward
OMC-C,upward,downward,inward,outward
OMC-G,downward,outward,upward,inward
OMC-OMG,downward,outward
OMC-OMU,downward,upward
OMC-U,upward,downward,inward
OMG-1MA,outward
OMG-45A,upward
OMG-A,downward,outward,upward,inward
OMG-A2M,downward,upward
OMG-C,upward,outward,downward,inward
OMG-G,upward,outward,downward,inward
OMG-OMC,upward,outward
OMG-OMG,outward,downward,upward
OMG-OMU,outward,downward
OMG-U,upward,outward,downward
OMU-A,downward,outward,upward,inward
OMU-C,downward,upward,inward
OMU-DC,upward
OMU-DT,downward
OMU-G,upward,downward,outward,inward
OMU-OMC,upward,downward
OMU-OMG,outward,upward
OMU-OMU,downward,upward
OMU-U,downward,upward
P4U-G,downward,upward
P5P-A,upward
P5P-C,outward
P5P-G,downward
P5P-P5P,downward,upward,outward,inward
P5P-U,downward
P5P-Y5P,upward,downward,outward
P7G-A,downward
P7G-A2M,outward
P7G-G,upward
PGN-DC,downward
PGN-G,outward
PGP-A,downward
PPU-C,downward
PPU-DC,downward
PQ0-C,outward
PQ0-G,inward,downward
PRF-A,upward,downward
PRF-C,outward
PRF-G,inward,downward,outward
PRF-U,upward
PSU-1MG,downward
PSU-2MA,downward
PSU-2MU,downward
PSU-5MC,upward,outward
PSU-5MU,downward,inward,outward,upward
PSU-A,downward,upward,inward,outward
PSU-C,upward,downward,inward,outward
PSU-G,downward,upward,outward,inward
PSU-M2G,downward
PSU-PSU,downward,upward,outward
PSU-U,downward,upward,inward,outward
PSU-UR3,inward,upward
PYO-A,downward
PYY-G,upward
QUO-A,outward
QUO-C,outward
QUO-U,upward
RIA-G,downward,upward
RSP-G,downward
RSP-U,upward
RSQ-A,downward,upward
RSQ-G,upward
RUS-A,downward,upward
S4C-C,downward,upward
S4C-G,outward
SAH-A,upward,inward
SAH-C,outward
SAH-G,outward
SAH-U,inward
SAM-A,outward
SAM-C,outward,upward
SAM-G,upward,outward
SAM-U,inward
SDG-A,outward
SDG-DC,downward
SDG-DT,downward,upward
SDG-G,outward
SFG-C,outward
SSU-DC,downward
SSU-G,upward
SUR-A,downward
SUR-C,upward,downward
SUR-G,outward
T2T-CBR,upward
T5S-DA,downward
T5S-DC,upward
T5S-DG,downward
T6A-A,upward,outward
T6A-G,outward
T6A-U,downward,outward
TLN-5GP,outward
TLN-LCC,downward
TLN-LCG,upward
TPN-CPN,downward
TPN-G,outward
TPN-GPN,upward
U-12A,upward
U-1MG,upward,outward,inward
U-1SC,downward
U-29G,inward
U-29H,inward
U-2BA,outward
U-2BP,outward
U-2MA,upward
U-2MG,outward
U-3AY,outward
U-4OC,downward
U-5BU,upward,downward
U-5GP,outward
U-5GS,upward
U-5HM,upward
U-5MC,upward,downward,inward
U-5MU,inward,downward
U-6AP,inward,outward
U-6GO,inward,outward
U-6GS,upward
U-6GU,outward,inward
U-6HA,outward
U-6MZ,downward
U-7MG,downward,inward,upward
U-8B4,upward
U-A,downward,upward,outward,inward
U-A23,outward
U-A2F,inward,outward
U-A2M,downward,upward,inward
U-A5M,downward
U-ADE,inward
U-ADP,upward
U-ADS,downward
U-AET,upward
U-APC,upward
U-ATP,downward,upward
U-B8H,downward,upward
U-B8K,inward,upward,outward
U-B8T,upward
U-B8W,downward,outward
U-BGH,outward
U-BGM,downward
U-C,downward,upward,inward,outward
U-CBR,upward
U-CBV,upward
U-CCC,upward
U-CDP,upward
U-CFZ,upward
U-CTP,upward
U-DA,outward,inward
U-DC,upward,outward
U-DG,outward
U-DT,downward
U-DU,downward
U-DX4,inward,outward
U-E7G,downward,upward
U-EEM,inward
U-F3O,inward
U-G,downward,outward,upward,inward
U-G7M,downward
U-GDP,upward
U-GMP,outward
U-GNG,outward
U-GPN,outward
U-GTP,upward,downward,outward
U-GUN,inward,outward
U-H2U,downward
U-HPA,inward
U-I,downward
U-LCG,outward,downward,upward
U-M1Y,upward
U-M7A,upward
U-MHG,downward
U-MIA,outward
U-N6M,inward
U-OMC,downward,upward,inward
U-OMG,downward,outward,upward
U-OMU,upward,downward
U-P5P,upward
U-PRF,downward
U-PSU,upward,downward,inward,outward
U-QUO,downward
U-RSP,downward
U-SAH,inward
U-SAM,inward
U-T6A,upward,outward
U-U,downward,upward,outward,inward
U-U37,downward,upward
U-U4M,downward
U-U5M,downward
U-U5R,downward
U-U8U,downward
U-UDP,upward
U-UFB,downward
U-UFT,downward
U-UMO,downward
U-UMS,upward
U-UOA,downward
U-UOB,downward
U-UR3,inward,upward
U-US5,upward
U-UTP,upward
U-XAN,outward
U-XGR,outward
U-XUG,outward
U-Y5P,outward
U-YYG,outward
U33-G,outward
U33-U33,downward,upward
U37-U,upward,downward
U37-U37,downward,upward
U3H-C,downward
U4M-A,downward
U4M-U,upward
U5M-A,downward
U5M-U,upward
U5R-A,downward
U5R-U,upward
U8U-A,outward
U8U-C,downward
U8U-U,upward
UCL-C,downward
UDP-C,downward
UDP-G,downward
UDP-U,downward
UFB-A,downward
UFB-U,upward
UFT-A,downward,upward,inward,outward
UFT-CFL,downward,outward,upward
UFT-CFZ,upward,downward
UFT-G,outward,inward,downward,upward
UFT-U,upward
UFT-UFT,downward,upward
UMO-A,downward
UMO-U,upward
UMS-A,outward
UMS-C,upward,downward
UMS-G,outward,upward
UMS-U,downward
UOA-A,downward
UOA-U,upward
UOB-A,downward
UOB-U,upward
UR3-A,upward
UR3-B8W,downward
UR3-C,downward,upward
UR3-G,downward,inward,outward
UR3-PSU,inward,downward
UR3-U,inward,downward
URU-A,downward
URU-C,downward
URU-G,outward
US3-DA,downward
US3-DC,upward
US3-DG,downward,upward
US5-C,upward
US5-G,downward
US5-U,downward
UTP-A,outward
UTP-U,downward
UZR-C,upward
UZR-G,outward
XAN-A,upward
XAN-U,outward
XAR-A,outward
XAR-XGR,upward
XAR-XTR,downward
XCR-XGR,downward
XGR-G,outward
XGR-U,outward
XGR-XAR,downward
XGR-XCR,upward
XGR-XTR,upward
XTR-XAR,upward
XTR-XGR,downward
XUG-A,downward,upward
XUG-U,outward
Y5P-G,outward,upward
Y5P-P5P,downward,upward,outward
Y5P-U,outward
Y5P-Y5P,downward,upward,inward
YYG-A,downward,upward
YYG-U,outward
